<?xml version="1.0"?>
<rss version="2.0"><channel><title>Autographcoll</title><description>The RSS report.</description><link>http://www.autographcoll.com</link><language>en-us</language><item><title>John Legend</title><guid>1</guid><description>Genuine black ink autograph of American singer-songwriter John Legend on a black and white photo.  Signature obtained at the Sundance Film Festival in January 2017. Signed photo measures 10 x 8 inches. Double mounted in cream and black to an overall size of 16 x 12 inches.</description><category>Music</category></item><item><title>Joseph Conrad</title><guid>2</guid><description>Polish-English author. Autograph on a bookpage. Should be treated carefully, it's very fragile.</description><category>Authors</category></item><item><title>J. K. Rowling</title><guid>3</guid><description>Autograph of author on her book, "Harry Potter and the Goblet of Fire".</description><category>Authors</category></item><item><title>Jules Verne</title><guid>4</guid><description/><category>Authors</category></item><item><title>Albert Einstein</title><guid>5</guid><description>Autograph on a letter signed to Composer Walter K. in 1933.</description><category>Science</category></item><item><title>Neil deGrasse Tyson</title><guid>6</guid><description>Signed 8x10 photo.</description><category>Science</category></item><item><title>Stephen Hawking</title><guid>7</guid><description>Stephen Hawking &amp; Jim Parsons memorabilia.</description><category>Science</category></item><item><title>Jessie J.</title><guid>8</guid><description>Black marker pen autograph of popular English singer-songwriter Jessie J on a superb colour photo. Double mounted in cream and black to an overall size of 16 x 12 inches. Signed photo can be safely removed from the mount if required.</description><category>Music</category></item><item><title>Katy Perry</title><guid>9</guid><description>Black marker pen autograph of American singer Katy Perry who has sold more than 100 million records to date. Photo measures 10 x 8 inches. Double mounted in cream and black to an overall size of 16 x 12 inches.</description><category>Music</category></item></channel></rss>
